{
    "acc": 0.6859756097560976,
    "precision": 0.6439393939393939,
    "recall": 0.3483606557377049,
    "f1_score": 0.4521276595744681
}